{
  "execPath": "C:/Users/guilherme.silva/.platformio/packages/toolchain-xtensa32/bin/xtensa-esp32-elf-g++.exe",
  "gccDefaultCFlags": "-fsyntax-only -Wno-old-style-declaration -std=gnu99 -Wno-error=deprecated-declarations -Wno-error=unused-function -Wno-unused-parameter -Wno-sign-compare -fstack-protector -Os -g3 -nostdlib -Wpointer-arith -Wno-error=unused-but-set-variable -Wno-error=unused-variable -mlongcalls -ffunction-sections -fdata-sections -fstrict-volatile-bitfields -DARDUINO=10805 -DARDUINO_ARCH_ESP32 -DARDUINO_VARIANT=\"lolin32\" -DARDUINO_BOARD=\"WEMOS\\ LOLIN32\" -DESP32 -DESP_PLATFORM -DF_CPU=240000000L -DHAVE_CONFIG_H -DMBEDTLS_CONFIG_FILE=\"mbedtls/esp_config.h\" -DPLATFORMIO=30600 -DARDUINO_LOLIN32",
  "gccDefaultCppFlags": "-fsyntax-only -fno-rtti -fno-exceptions -std=gnu++11 -Wno-error=deprecated-declarations -Wno-error=unused-function -Wno-unused-parameter -Wno-sign-compare -fstack-protector -Os -g3 -nostdlib -Wpointer-arith -Wno-error=unused-but-set-variable -Wno-error=unused-variable -mlongcalls -ffunction-sections -fdata-sections -fstrict-volatile-bitfields -DARDUINO=10805 -DARDUINO_ARCH_ESP32 -DARDUINO_VARIANT=\"lolin32\" -DARDUINO_BOARD=\"WEMOS\\ LOLIN32\" -DESP32 -DESP_PLATFORM -DF_CPU=240000000L -DHAVE_CONFIG_H -DMBEDTLS_CONFIG_FILE=\"mbedtls/esp_config.h\" -DPLATFORMIO=30600 -DARDUINO_LOLIN32",
  "gccErrorLimit": 15,
  "gccIncludePaths": "C:/Users/guilherme.silva/.platformio/packages/framework-arduinoespressif32/tools/sdk/include/config,C:/Users/guilherme.silva/.platformio/packages/framework-arduinoespressif32/tools/sdk/include/bluedroid,C:/Users/guilherme.silva/.platformio/packages/framework-arduinoespressif32/tools/sdk/include/app_trace,C:/Users/guilherme.silva/.platformio/packages/framework-arduinoespressif32/tools/sdk/include/app_update,C:/Users/guilherme.silva/.platformio/packages/framework-arduinoespressif32/tools/sdk/include/bootloader_support,C:/Users/guilherme.silva/.platformio/packages/framework-arduinoespressif32/tools/sdk/include/bt,C:/Users/guilherme.silva/.platformio/packages/framework-arduinoespressif32/tools/sdk/include/driver,C:/Users/guilherme.silva/.platformio/packages/framework-arduinoespressif32/tools/sdk/include/esp32,C:/Users/guilherme.silva/.platformio/packages/framework-arduinoespressif32/tools/sdk/include/esp_adc_cal,C:/Users/guilherme.silva/.platformio/packages/framework-arduinoespressif32/tools/sdk/include/ethernet,C:/Users/guilherme.silva/.platformio/packages/framework-arduinoespressif32/tools/sdk/include/fatfs,C:/Users/guilherme.silva/.platformio/packages/framework-arduinoespressif32/tools/sdk/include/freertos,C:/Users/guilherme.silva/.platformio/packages/framework-arduinoespressif32/tools/sdk/include/heap,C:/Users/guilherme.silva/.platformio/packages/framework-arduinoespressif32/tools/sdk/include/jsmn,C:/Users/guilherme.silva/.platformio/packages/framework-arduinoespressif32/tools/sdk/include/log,C:/Users/guilherme.silva/.platformio/packages/framework-arduinoespressif32/tools/sdk/include/mdns,C:/Users/guilherme.silva/.platformio/packages/framework-arduinoespressif32/tools/sdk/include/mbedtls,C:/Users/guilherme.silva/.platformio/packages/framework-arduinoespressif32/tools/sdk/include/mbedtls_port,C:/Users/guilherme.silva/.platformio/packages/framework-arduinoespressif32/tools/sdk/include/newlib,C:/Users/guilherme.silva/.platformio/packages/framework-arduinoespressif32/tools/sdk/include/nvs_flash,C:/Users/guilherme.silva/.platformio/packages/framework-arduinoespressif32/tools/sdk/include/openssl,C:/Users/guilherme.silva/.platformio/packages/framework-arduinoespressif32/tools/sdk/include/spi_flash,C:/Users/guilherme.silva/.platformio/packages/framework-arduinoespressif32/tools/sdk/include/sdmmc,C:/Users/guilherme.silva/.platformio/packages/framework-arduinoespressif32/tools/sdk/include/spiffs,C:/Users/guilherme.silva/.platformio/packages/framework-arduinoespressif32/tools/sdk/include/tcpip_adapter,C:/Users/guilherme.silva/.platformio/packages/framework-arduinoespressif32/tools/sdk/include/ulp,C:/Users/guilherme.silva/.platformio/packages/framework-arduinoespressif32/tools/sdk/include/vfs,C:/Users/guilherme.silva/.platformio/packages/framework-arduinoespressif32/tools/sdk/include/wear_levelling,C:/Users/guilherme.silva/.platformio/packages/framework-arduinoespressif32/tools/sdk/include/xtensa-debug-module,C:/Users/guilherme.silva/.platformio/packages/framework-arduinoespressif32/tools/sdk/include/coap,C:/Users/guilherme.silva/.platformio/packages/framework-arduinoespressif32/tools/sdk/include/console,C:/Users/guilherme.silva/.platformio/packages/framework-arduinoespressif32/tools/sdk/include/expat,C:/Users/guilherme.silva/.platformio/packages/framework-arduinoespressif32/tools/sdk/include/json,C:/Users/guilherme.silva/.platformio/packages/framework-arduinoespressif32/tools/sdk/include/lwip,C:/Users/guilherme.silva/.platformio/packages/framework-arduinoespressif32/tools/sdk/include/nghttp,C:/Users/guilherme.silva/.platformio/packages/framework-arduinoespressif32/tools/sdk/include/soc,C:/Users/guilherme.silva/.platformio/packages/framework-arduinoespressif32/tools/sdk/include/wpa_supplicant,C:/Users/guilherme.silva/.platformio/packages/framework-arduinoespressif32/cores/esp32,C:/Users/guilherme.silva/.platformio/packages/framework-arduinoespressif32/variants/lolin32,C:/Users/guilherme.silva/Documents/Energy/Energy/lib/ArduinoJson/src,C:/Users/guilherme.silva/Documents/Energy/Energy/lib/DNSServer/src,C:/Users/guilherme.silva/Documents/Energy/Energy/lib/NTPClient,C:/Users/guilherme.silva/Documents/Energy/Energy/lib/PZEM004T,C:/Users/guilherme.silva/Documents/Energy/Energy/lib/WebServer/src,C:/Users/guilherme.silva/Documents/Energy/Energy/lib/WiFiManager,C:/Users/guilherme.silva/.platformio/packages/framework-arduinoespressif32/libraries/WiFi/src,C:/Users/guilherme.silva/.platformio/packages/framework-arduinoespressif32/libraries/ESPmDNS/src,C:/Users/guilherme.silva/.platformio/packages/framework-arduinoespressif32/libraries/FS/src,C:/Users/guilherme.silva/Documents/Energy/Energy/lib/pubsubclient/src,C:/Users/guilherme.silva/.platformio/packages/framework-arduinoespressif32/libraries/SPIFFS/src,C:/Users/guilherme.silva/.platformio/packages/framework-arduinoespressif32/libraries/ArduinoOTA/src,C:/Users/guilherme.silva/.platformio/packages/framework-arduinoespressif32/libraries/BLE/src,C:/Users/guilherme.silva/.platformio/packages/framework-arduinoespressif32/libraries/DNSServer/src,C:/Users/guilherme.silva/.platformio/packages/framework-arduinoespressif32/libraries/EEPROM,C:/Users/guilherme.silva/.platformio/packages/framework-arduinoespressif32/libraries/ESP32/src,C:/Users/guilherme.silva/.platformio/packages/framework-arduinoespressif32/libraries/HTTPClient/src,C:/Users/guilherme.silva/.platformio/packages/framework-arduinoespressif32/libraries/Preferences/src,C:/Users/guilherme.silva/.platformio/packages/framework-arduinoespressif32/libraries/SD/src,C:/Users/guilherme.silva/.platformio/packages/framework-arduinoespressif32/libraries/SD_MMC/src,C:/Users/guilherme.silva/.platformio/packages/framework-arduinoespressif32/libraries/SPI/src,C:/Users/guilherme.silva/.platformio/packages/framework-arduinoespressif32/libraries/SimpleBLE/src,C:/Users/guilherme.silva/.platformio/packages/framework-arduinoespressif32/libraries/Update/src,C:/Users/guilherme.silva/.platformio/packages/framework-arduinoespressif32/libraries/WiFiClientSecure/src,C:/Users/guilherme.silva/.platformio/packages/framework-arduinoespressif32/libraries/Wire/src,C:/Users/guilherme.silva/.platformio/packages/toolchain-xtensa32/xtensa-esp32-elf/include,C:/Users/guilherme.silva/.platformio/packages/toolchain-xtensa32/xtensa-esp32-elf/include/c++/5.2.0,C:/Users/guilherme.silva/.platformio/packages/toolchain-xtensa32/xtensa-esp32-elf/include/c++/5.2.0/xtensa-esp32-elf,C:/Users/guilherme.silva/.platformio/packages/toolchain-xtensa32/lib/gcc/xtensa-esp32-elf/5.2.0/include,C:/Users/guilherme.silva/.platformio/packages/toolchain-xtensa32/lib/gcc/xtensa-esp32-elf/5.2.0/include-fixed,C:/Users/guilherme.silva/.platformio/packages/tool-unity",
  "gccSuppressWarnings": false
}
